{
 "circleShape": {
  "overrideColor": 0, 
  "overrideRGBColors": false, 
  "periodic": true, 
  "overrideEnabled": false, 
  "knot": [
   -2.0, 
   -1.0, 
   0.0, 
   1.0, 
   2.0, 
   3.0, 
   4.0, 
   5.0, 
   6.0, 
   7.0, 
   8.0, 
   9.0, 
   10.0
  ], 
  "degree": 3, 
  "point": [
   [
    3.9180581244561226, 
    2.3991186704942365e-16, 
    -3.918058124456123
   ], 
   [
    3.392866161555456e-16, 
    3.392866161555456e-16, 
    -5.540970937771938
   ], 
   [
    -3.9180581244561226, 
    2.399118670494236e-16, 
    -3.918058124456122
   ], 
   [
    -5.540970937771941, 
    1.7588678095030134e-32, 
    -2.8724491187624153e-16
   ], 
   [
    -3.9180581244561226, 
    -2.399118670494236e-16, 
    3.9180581244561226
   ], 
   [
    -5.550428484801613e-16, 
    -3.3928661615554584e-16, 
    5.540970937771942
   ], 
   [
    3.9180581244561226, 
    -2.399118670494236e-16, 
    3.918058124456122
   ], 
   [
    5.540970937771941, 
    -4.6268396050550496e-32, 
    7.556202503899795e-16
   ], 
   [
    3.9180581244561226, 
    2.3991186704942365e-16, 
    -3.918058124456123
   ], 
   [
    3.392866161555456e-16, 
    3.392866161555456e-16, 
    -5.540970937771938
   ], 
   [
    -3.9180581244561226, 
    2.399118670494236e-16, 
    -3.918058124456122
   ]
  ], 
  "overrideColorRGB": [
   0.0, 
   0.0, 
   0.0
  ]
 }
}