{
 "cylinderShape": {
  "overrideColor": 0, 
  "overrideRGBColors": false, 
  "periodic": false, 
  "overrideEnabled": false, 
  "knot": [
   0.0, 
   1.0, 
   2.0, 
   3.0, 
   4.0, 
   5.0, 
   6.0, 
   7.0, 
   8.0, 
   9.0, 
   10.0, 
   11.0, 
   12.0, 
   13.0, 
   14.0, 
   15.0
  ], 
  "degree": 1, 
  "point": [
   [
    -4.4865478425745664e-07, 
    5.018118816613835, 
    5.018118816613835
   ], 
   [
    -4.345818595499723, 
    5.018118816613835, 
    2.5090588101005373
   ], 
   [
    -4.345817997293341, 
    5.018118816613835, 
    -2.5090600065132955
   ], 
   [
    1.1964127580198847e-06, 
    5.018118816613835, 
    -5.018118816613835
   ], 
   [
    1.1964127580198847e-06, 
    -5.018118816613835, 
    -5.018118816613835
   ], 
   [
    4.345818296396532, 
    -5.018118816613835, 
    -2.5090594083069173
   ], 
   [
    4.345818296396532, 
    -5.018118816613835, 
    2.5090594083069173
   ], 
   [
    -4.4865478425745664e-07, 
    -5.018118816613835, 
    5.018118816613835
   ], 
   [
    -4.4865478425745664e-07, 
    5.018118816613835, 
    5.018118816613835
   ], 
   [
    4.345818296396532, 
    5.018118816613835, 
    2.5090594083069173
   ], 
   [
    4.345818296396532, 
    5.018118816613835, 
    -2.5090594083069173
   ], 
   [
    1.1964127580198847e-06, 
    5.018118816613835, 
    -5.018118816613835
   ], 
   [
    1.1964127580198847e-06, 
    -5.018118816613835, 
    -5.018118816613835
   ], 
   [
    -4.345817997293341, 
    -5.018118816613835, 
    -2.5090600065132955
   ], 
   [
    -4.345818595499723, 
    -5.018118816613835, 
    2.5090588101005373
   ], 
   [
    -4.4865478425745664e-07, 
    -5.018118816613835, 
    5.018118816613835
   ]
  ], 
  "overrideColorRGB": [
   0.0, 
   0.0, 
   0.0
  ]
 }
}