{
 "directionShape": {
  "overrideColor": 0, 
  "overrideRGBColors": false, 
  "periodic": false, 
  "overrideEnabled": false, 
  "knot": [
   0.0, 
   0.0, 
   0.0, 
   1.0, 
   2.0, 
   3.0, 
   4.0, 
   5.0, 
   6.0, 
   7.0, 
   8.0, 
   9.0, 
   10.0, 
   10.49410605, 
   11.0, 
   12.0, 
   13.0, 
   14.0, 
   15.0, 
   16.0, 
   17.0, 
   18.0, 
   19.0, 
   19.0, 
   19.0
  ], 
  "degree": 3, 
  "point": [
   [
    -1.4999999999999998, 
    0.0, 
    4.762310028076172
   ], 
   [
    -2.6028518013817576, 
    0.0, 
    4.437503921729026
   ], 
   [
    -4.621822379147429, 
    0.0, 
    2.8866529405375956
   ], 
   [
    -5.366043346951435, 
    0.0, 
    -0.7640472802384365
   ], 
   [
    -3.601310539963166, 
    0.0, 
    -4.090381305318778
   ], 
   [
    -1.2431743008821102e-15, 
    0.0, 
    -5.4578166651989735
   ], 
   [
    3.6013105399631677, 
    0.0, 
    -4.090381305318781
   ], 
   [
    5.3714453646248295, 
    0.0, 
    -0.7189519067589165
   ], 
   [
    4.603413044470422, 
    0.0, 
    2.6209458253739757
   ], 
   [
    2.698904632872629, 
    0.0, 
    4.351834883243014
   ], 
   [
    1.5000000000000002, 
    0.0, 
    4.76231
   ], 
   [
    1.5, 
    0.0, 
    4.76231
   ], 
   [
    1.5, 
    0.0, 
    4.76231
   ], 
   [
    2.6155099868774414, 
    0.0, 
    4.762310028076172
   ], 
   [
    2.6155099868774414, 
    0.0, 
    4.762310028076172
   ], 
   [
    2.6155099868774414, 
    0.0, 
    4.762310028076172
   ], 
   [
    0.0, 
    0.0, 
    7.0
   ], 
   [
    0.0, 
    0.0, 
    7.0
   ], 
   [
    0.0, 
    0.0, 
    7.0
   ], 
   [
    -2.6155104637145996, 
    0.0, 
    4.762310028076172
   ], 
   [
    -2.6155104637145996, 
    0.0, 
    4.762310028076172
   ], 
   [
    -2.6155104637145996, 
    0.0, 
    4.762310028076172
   ], 
   [
    -1.5, 
    0.0, 
    4.762310028076172
   ]
  ], 
  "overrideColorRGB": [
   0.0, 
   0.0, 
   0.0
  ]
 }
}