{
 "direction4Shape1": {
  "overrideColor": 0, 
  "overrideRGBColors": false, 
  "periodic": false, 
  "overrideEnabled": false, 
  "knot": [
   0.0, 
   0.0, 
   0.0, 
   1.0, 
   2.0, 
   3.0, 
   4.0, 
   5.0, 
   6.0, 
   7.0, 
   8.0, 
   9.0, 
   9.788324005, 
   10.0, 
   10.19551669, 
   11.0, 
   12.0, 
   13.0, 
   14.0, 
   14.0, 
   14.0
  ], 
  "degree": 3, 
  "point": [
   [
    -4.76231, 
    0.0, 
    1.5
   ], 
   [
    -4.641774022858047, 
    0.0, 
    1.8901687880395872
   ], 
   [
    -4.308226024153136, 
    0.0, 
    2.615510357105957
   ], 
   [
    -3.56383352334065, 
    0.0, 
    3.5741394703998735
   ], 
   [
    -2.64042165865869, 
    0.0, 
    4.281998569561975
   ], 
   [
    -1.8550471136862632, 
    0.0, 
    4.648590627715586
   ], 
   [
    -1.5000000000000009, 
    0.0, 
    4.76231
   ], 
   [
    -1.5, 
    0.0, 
    4.76231
   ], 
   [
    -1.5, 
    0.0, 
    4.76231
   ], 
   [
    -2.6155104637145996, 
    0.0, 
    4.76231
   ], 
   [
    -2.6155104637145996, 
    0.0, 
    4.76231
   ], 
   [
    -2.6155104637145996, 
    0.0, 
    4.76231
   ], 
   [
    0.0, 
    0.0, 
    7.0
   ], 
   [
    0.0, 
    0.0, 
    7.0
   ], 
   [
    0.0, 
    0.0, 
    7.0
   ], 
   [
    2.61551, 
    0.0, 
    4.76231
   ], 
   [
    2.61551, 
    0.0, 
    4.76231
   ], 
   [
    2.61551, 
    0.0, 
    4.76231
   ], 
   [
    1.5, 
    0.0, 
    4.76231
   ]
  ], 
  "overrideColorRGB": [
   0.0, 
   0.0, 
   0.0
  ]
 }, 
 "direction4Shape2": {
  "overrideColor": 0, 
  "overrideRGBColors": false, 
  "periodic": false, 
  "overrideEnabled": false, 
  "knot": [
   0.0, 
   0.0, 
   0.0, 
   1.0, 
   2.0, 
   3.0, 
   4.0, 
   5.0, 
   6.0, 
   7.0, 
   8.0, 
   9.0, 
   9.788324005, 
   10.0, 
   10.19551669, 
   11.0, 
   12.0, 
   13.0, 
   14.0, 
   14.0, 
   14.0
  ], 
  "degree": 3, 
  "point": [
   [
    1.5, 
    0.0, 
    4.76231
   ], 
   [
    1.8901687880395865, 
    0.0, 
    4.641774022858047
   ], 
   [
    2.6155103571059564, 
    0.0, 
    4.308226024153136
   ], 
   [
    3.574139470399873, 
    0.0, 
    3.5638335233406506
   ], 
   [
    4.281998569561975, 
    0.0, 
    2.6404216586586906
   ], 
   [
    4.648590627715586, 
    0.0, 
    1.8550471136862638
   ], 
   [
    4.76231, 
    0.0, 
    1.5000000000000016
   ], 
   [
    4.76231, 
    0.0, 
    1.5000000000000007
   ], 
   [
    4.76231, 
    0.0, 
    1.5000000000000007
   ], 
   [
    4.76231, 
    0.0, 
    2.6155104637146
   ], 
   [
    4.76231, 
    0.0, 
    2.6155104637146
   ], 
   [
    4.76231, 
    0.0, 
    2.6155104637146
   ], 
   [
    7.0, 
    0.0, 
    8.572527594031472e-16
   ], 
   [
    7.0, 
    0.0, 
    8.572527594031472e-16
   ], 
   [
    7.0, 
    0.0, 
    8.572527594031472e-16
   ], 
   [
    4.76231, 
    0.0, 
    -2.6155099999999996
   ], 
   [
    4.76231, 
    0.0, 
    -2.6155099999999996
   ], 
   [
    4.76231, 
    0.0, 
    -2.6155099999999996
   ], 
   [
    4.76231, 
    0.0, 
    -1.4999999999999993
   ]
  ], 
  "overrideColorRGB": [
   0.0, 
   0.0, 
   0.0
  ]
 }, 
 "direction4Shape3": {
  "overrideColor": 0, 
  "overrideRGBColors": false, 
  "periodic": false, 
  "overrideEnabled": false, 
  "knot": [
   0.0, 
   0.0, 
   0.0, 
   1.0, 
   2.0, 
   3.0, 
   4.0, 
   5.0, 
   6.0, 
   7.0, 
   8.0, 
   9.0, 
   9.788324005, 
   10.0, 
   10.19551669, 
   11.0, 
   12.0, 
   13.0, 
   14.0, 
   14.0, 
   14.0
  ], 
  "degree": 3, 
  "point": [
   [
    4.76231, 
    0.0, 
    -1.5
   ], 
   [
    4.641774022858047, 
    0.0, 
    -1.8901687880395872
   ], 
   [
    4.308226024153136, 
    0.0, 
    -2.615510357105957
   ], 
   [
    3.56383352334065, 
    0.0, 
    -3.5741394703998735
   ], 
   [
    2.64042165865869, 
    0.0, 
    -4.281998569561975
   ], 
   [
    1.8550471136862632, 
    0.0, 
    -4.648590627715586
   ], 
   [
    1.5000000000000009, 
    0.0, 
    -4.76231
   ], 
   [
    1.5, 
    0.0, 
    -4.76231
   ], 
   [
    1.5, 
    0.0, 
    -4.76231
   ], 
   [
    2.6155104637145996, 
    0.0, 
    -4.76231
   ], 
   [
    2.6155104637145996, 
    0.0, 
    -4.76231
   ], 
   [
    2.6155104637145996, 
    0.0, 
    -4.76231
   ], 
   [
    0.0, 
    0.0, 
    -7.0
   ], 
   [
    0.0, 
    0.0, 
    -7.0
   ], 
   [
    0.0, 
    0.0, 
    -7.0
   ], 
   [
    -2.61551, 
    0.0, 
    -4.76231
   ], 
   [
    -2.61551, 
    0.0, 
    -4.76231
   ], 
   [
    -2.61551, 
    0.0, 
    -4.76231
   ], 
   [
    -1.5, 
    0.0, 
    -4.76231
   ]
  ], 
  "overrideColorRGB": [
   0.0, 
   0.0, 
   0.0
  ]
 }, 
 "direction4Shape": {
  "overrideColor": 0, 
  "overrideRGBColors": false, 
  "periodic": false, 
  "overrideEnabled": false, 
  "knot": [
   0.0, 
   0.0, 
   0.0, 
   1.0, 
   2.0, 
   3.0, 
   4.0, 
   5.0, 
   6.0, 
   7.0, 
   8.0, 
   9.0, 
   9.788324005, 
   10.0, 
   10.19551669, 
   11.0, 
   12.0, 
   13.0, 
   14.0, 
   14.0, 
   14.0
  ], 
  "degree": 3, 
  "point": [
   [
    -1.5, 
    0.0, 
    -4.76231
   ], 
   [
    -1.8901687880395872, 
    0.0, 
    -4.641774022858047
   ], 
   [
    -2.615510357105957, 
    0.0, 
    -4.308226024153136
   ], 
   [
    -3.5741394703998735, 
    0.0, 
    -3.56383352334065
   ], 
   [
    -4.281998569561975, 
    0.0, 
    -2.64042165865869
   ], 
   [
    -4.648590627715586, 
    0.0, 
    -1.8550471136862632
   ], 
   [
    -4.76231, 
    0.0, 
    -1.5000000000000009
   ], 
   [
    -4.76231, 
    0.0, 
    -1.5
   ], 
   [
    -4.76231, 
    0.0, 
    -1.5
   ], 
   [
    -4.76231, 
    0.0, 
    -2.6155104637145996
   ], 
   [
    -4.76231, 
    0.0, 
    -2.6155104637145996
   ], 
   [
    -4.76231, 
    0.0, 
    -2.6155104637145996
   ], 
   [
    -7.0, 
    0.0, 
    0.0
   ], 
   [
    -7.0, 
    0.0, 
    0.0
   ], 
   [
    -7.0, 
    0.0, 
    0.0
   ], 
   [
    -4.76231, 
    0.0, 
    2.61551
   ], 
   [
    -4.76231, 
    0.0, 
    2.61551
   ], 
   [
    -4.76231, 
    0.0, 
    2.61551
   ], 
   [
    -4.76231, 
    0.0, 
    1.5
   ]
  ], 
  "overrideColorRGB": [
   0.0, 
   0.0, 
   0.0
  ]
 }
}