{
 "fkikShape2": {
  "overrideColor": 0, 
  "overrideRGBColors": false, 
  "periodic": true, 
  "overrideEnabled": false, 
  "knot": [
   0.0, 
   1.0, 
   2.0, 
   3.0, 
   4.0, 
   5.0, 
   6.0, 
   7.0, 
   8.0, 
   9.0, 
   10.0
  ], 
  "degree": 1, 
  "point": [
   [
    1.6054565561205574, 
    2.8379390945597356, 
    0.0
   ], 
   [
    0.019643116439580426, 
    2.8379390945597356, 
    0.0
   ], 
   [
    0.019643116439580426, 
    0.0, 
    0.0
   ], 
   [
    0.4223308208517874, 
    0.0, 
    0.0
   ], 
   [
    0.4223308208517874, 
    1.2885691114173157, 
    0.0
   ], 
   [
    1.4156191501661386, 
    1.2885691114173157, 
    0.0
   ], 
   [
    1.4156191501661386, 
    1.5857741194452566, 
    0.0
   ], 
   [
    0.4223308208517874, 
    1.5857741194452566, 
    0.0
   ], 
   [
    0.4223308208517874, 
    2.536885375142332, 
    0.0
   ], 
   [
    1.6054565561205574, 
    2.536885375142332, 
    0.0
   ], 
   [
    1.6054565561205574, 
    2.8379390945597356, 
    0.0
   ]
  ], 
  "overrideColorRGB": [
   0.0, 
   0.0, 
   0.0
  ]
 }, 
 "fkikShape": {
  "overrideColor": 0, 
  "overrideRGBColors": false, 
  "periodic": true, 
  "overrideEnabled": false, 
  "knot": [
   0.0, 
   1.0, 
   2.0, 
   3.0, 
   4.0, 
   5.0, 
   6.0, 
   7.0, 
   8.0, 
   9.0, 
   10.0, 
   11.0
  ], 
  "degree": 1, 
  "point": [
   [
    2.518042459101947, 
    2.8379390945597356, 
    0.0
   ], 
   [
    2.140292046144425, 
    2.8379390945597356, 
    0.0
   ], 
   [
    2.140292046144425, 
    0.0, 
    0.0
   ], 
   [
    2.518042459101947, 
    0.0, 
    0.0
   ], 
   [
    2.518042459101947, 
    1.4381534966530989, 
    0.0
   ], 
   [
    3.758700663540347, 
    0.0, 
    0.0
   ], 
   [
    4.267656257866868, 
    0.0, 
    0.0
   ], 
   [
    2.9597657276493394, 
    1.4838652388530824, 
    0.0
   ], 
   [
    4.071378638518553, 
    2.8379390945597356, 
    0.0
   ], 
   [
    3.6666489205005477, 
    2.8379390945597356, 
    0.0
   ], 
   [
    2.518042459101947, 
    1.441962844550249, 
    0.0
   ], 
   [
    2.518042459101947, 
    2.8379390945597356, 
    0.0
   ]
  ], 
  "overrideColorRGB": [
   0.0, 
   0.0, 
   0.0
  ]
 }, 
 "fkikShape1": {
  "overrideColor": 0, 
  "overrideRGBColors": false, 
  "periodic": true, 
  "overrideEnabled": false, 
  "knot": [
   0.0, 
   1.0, 
   2.0, 
   3.0, 
   4.0
  ], 
  "degree": 1, 
  "point": [
   [
    5.9604058151864745, 
    2.8379390945597356, 
    0.0
   ], 
   [
    5.760986037507295, 
    2.8379390945597356, 
    0.0
   ], 
   [
    4.7523424856669285, 
    -0.5675878189119463, 
    0.0
   ], 
   [
    4.951761917293421, 
    -0.5675878189119463, 
    0.0
   ], 
   [
    5.9604058151864745, 
    2.8379390945597356, 
    0.0
   ]
  ], 
  "overrideColorRGB": [
   0.0, 
   0.0, 
   0.0
  ]
 }, 
 "fkikShape4": {
  "overrideColor": 0, 
  "overrideRGBColors": false, 
  "periodic": true, 
  "overrideEnabled": false, 
  "knot": [
   0.0, 
   1.0, 
   2.0, 
   3.0, 
   4.0, 
   5.0, 
   6.0, 
   7.0, 
   8.0, 
   9.0, 
   10.0, 
   11.0
  ], 
  "degree": 1, 
  "point": [
   [
    8.251648983207708, 
    2.8379390945597356, 
    0.0
   ], 
   [
    7.873898570250184, 
    2.8379390945597356, 
    0.0
   ], 
   [
    7.873898570250184, 
    0.0, 
    0.0
   ], 
   [
    8.251648983207708, 
    0.0, 
    0.0
   ], 
   [
    8.251648983207708, 
    1.4381534966530989, 
    0.0
   ], 
   [
    9.492307360672449, 
    0.0, 
    0.0
   ], 
   [
    10.001262954998966, 
    0.0, 
    0.0
   ], 
   [
    8.693372078728764, 
    1.4838652388530824, 
    0.0
   ], 
   [
    9.804985335650642, 
    2.8379390945597356, 
    0.0
   ], 
   [
    9.400255271579974, 
    2.8379390945597356, 
    0.0
   ], 
   [
    8.251648983207708, 
    1.441962844550249, 
    0.0
   ], 
   [
    8.251648983207708, 
    2.8379390945597356, 
    0.0
   ]
  ], 
  "overrideColorRGB": [
   0.0, 
   0.0, 
   0.0
  ]
 }, 
 "fkikShape3": {
  "overrideColor": 0, 
  "overrideRGBColors": false, 
  "periodic": true, 
  "overrideEnabled": false, 
  "knot": [
   0.0, 
   1.0, 
   2.0, 
   3.0, 
   4.0
  ], 
  "degree": 1, 
  "point": [
   [
    7.13579450464451, 
    2.8379390945597356, 
    0.0
   ], 
   [
    6.7331068434888905, 
    2.8379390945597356, 
    0.0
   ], 
   [
    6.7331068434888905, 
    0.0, 
    0.0
   ], 
   [
    7.13579450464451, 
    0.0, 
    0.0
   ], 
   [
    7.13579450464451, 
    2.8379390945597356, 
    0.0
   ]
  ], 
  "overrideColorRGB": [
   0.0, 
   0.0, 
   0.0
  ]
 }
}