{
 "rhombusShape": {
  "overrideColor": 0, 
  "overrideRGBColors": false, 
  "periodic": false, 
  "overrideEnabled": false, 
  "knot": [
   0.0, 
   1.0, 
   2.0, 
   3.0, 
   4.0, 
   5.0, 
   6.0, 
   7.0, 
   8.0, 
   9.0, 
   10.0, 
   11.0, 
   12.0
  ], 
  "degree": 1, 
  "point": [
   [
    -5.0, 
    0.0, 
    -7.571034643660823e-07
   ], 
   [
    1.1356551965491235e-06, 
    0.0, 
    -5.0
   ], 
   [
    0.0, 
    -5.0, 
    0.0
   ], 
   [
    5.0, 
    0.0, 
    0.0
   ], 
   [
    -3.7855173218304117e-07, 
    0.0, 
    5.0
   ], 
   [
    0.0, 
    -5.0, 
    0.0
   ], 
   [
    -5.0, 
    0.0, 
    -7.571034643660823e-07
   ], 
   [
    -3.7855173218304117e-07, 
    0.0, 
    5.0
   ], 
   [
    0.0, 
    5.0, 
    0.0
   ], 
   [
    5.0, 
    0.0, 
    0.0
   ], 
   [
    1.1356551965491235e-06, 
    0.0, 
    -5.0
   ], 
   [
    0.0, 
    5.0, 
    0.0
   ], 
   [
    -5.0, 
    0.0, 
    -7.571034643660823e-07
   ]
  ], 
  "overrideColorRGB": [
   0.0, 
   0.0, 
   0.0
  ]
 }
}