{
 "sphereShape": {
  "overrideColor": 0, 
  "overrideRGBColors": false, 
  "periodic": false, 
  "overrideEnabled": false, 
  "knot": [
   0.0, 
   1.0, 
   2.0, 
   3.0, 
   4.0, 
   5.0, 
   6.0, 
   7.0, 
   8.0, 
   9.0, 
   10.0, 
   11.0, 
   12.0, 
   13.0, 
   14.0, 
   15.0, 
   16.0, 
   17.0, 
   18.0, 
   19.0, 
   20.0, 
   21.0, 
   22.0, 
   23.0, 
   24.0
  ], 
  "degree": 1, 
  "point": [
   [
    0.0, 
    5.0, 
    0.0
   ], 
   [
    0.0, 
    3.535533845424652, 
    3.5355335474014282
   ], 
   [
    0.0, 
    0.0, 
    4.999999701976776
   ], 
   [
    0.0, 
    -3.535533845424652, 
    3.5355335474014282
   ], 
   [
    0.0, 
    -5.0, 
    0.0
   ], 
   [
    0.0, 
    -3.535533845424652, 
    -3.5355335474014282
   ], 
   [
    0.0, 
    0.0, 
    -4.999999403953552
   ], 
   [
    0.0, 
    3.535533845424652, 
    -3.5355335474014282
   ], 
   [
    0.0, 
    5.0, 
    0.0
   ], 
   [
    -3.5355335474014282, 
    3.535533845424652, 
    0.0
   ], 
   [
    -4.999999403953552, 
    0.0, 
    0.0
   ], 
   [
    -3.5355335474014282, 
    -3.535533845424652, 
    0.0
   ], 
   [
    0.0, 
    -5.0, 
    0.0
   ], 
   [
    3.535533845424652, 
    -3.535533845424652, 
    0.0
   ], 
   [
    5.0, 
    0.0, 
    0.0
   ], 
   [
    3.535533845424652, 
    0.0, 
    3.535533845424652
   ], 
   [
    0.0, 
    0.0, 
    4.999999701976776
   ], 
   [
    -3.5355335474014282, 
    0.0, 
    3.5355335474014282
   ], 
   [
    -4.999999403953552, 
    0.0, 
    0.0
   ], 
   [
    -3.5355335474014282, 
    0.0, 
    -3.5355335474014282
   ], 
   [
    0.0, 
    0.0, 
    -4.999999403953552
   ], 
   [
    3.5355335474014282, 
    0.0, 
    -3.5355335474014282
   ], 
   [
    5.0, 
    0.0, 
    0.0
   ], 
   [
    3.535533845424652, 
    3.535533845424652, 
    0.0
   ], 
   [
    0.0, 
    5.0, 
    0.0
   ]
  ], 
  "overrideColorRGB": [
   0.0, 
   0.0, 
   0.0
  ]
 }
}