{
 "squareShape": {
  "overrideColor": 0, 
  "overrideRGBColors": false, 
  "periodic": false, 
  "overrideEnabled": false, 
  "knot": [
   0.0, 
   1.414213562373095, 
   2.82842712474619, 
   4.242640687119285, 
   5.65685424949238
  ], 
  "degree": 1, 
  "point": [
   [
    4.999999999999999, 
    0.0, 
    -5.000000000000001
   ], 
   [
    -5.0, 
    0.0, 
    -5.0
   ], 
   [
    -5.0, 
    0.0, 
    5.0
   ], 
   [
    5.0, 
    0.0, 
    5.0
   ], 
   [
    5.000000000000001, 
    0.0, 
    -4.999999999999998
   ]
  ], 
  "overrideColorRGB": [
   0.0, 
   0.0, 
   0.0
  ]
 }
}