{
 "triangleShape": {
  "overrideColor": 0, 
  "overrideRGBColors": false, 
  "periodic": false, 
  "overrideEnabled": false, 
  "knot": [
   0.0, 
   1.7320508075688772, 
   3.4641016151377544, 
   5.196152422706631
  ], 
  "degree": 1, 
  "point": [
   [
    3.5464190494026157e-16, 
    3.5464190494026157e-16, 
    -5.000000123647565
   ], 
   [
    -5.0, 
    -1.7732095247013076e-16, 
    3.680486414591595
   ], 
   [
    5.0, 
    -1.7732095247013096e-16, 
    3.680486414591595
   ], 
   [
    3.891210730329828e-15, 
    3.5464190494026157e-16, 
    -5.000000123647563
   ]
  ], 
  "overrideColorRGB": [
   0.0, 
   0.0, 
   0.0
  ]
 }
}